Location,Category,Business Name,Phone Number,Website URL,Rating,Review Count
"Bytco Point, Nashik Road",specialty coffee shop,SPECIALITY COFFEE HUB,,,4.6,13.0
"Bytco Point, Nashik Road",specialty coffee shop,Cafe black spoon,099236 76609,,4.4,28.0
"Bytco Point, Nashik Road",specialty coffee shop,Cafe Sanjeevani,098607 25155,,4.6,163.0
"Bytco Point, Nashik Road",specialty coffee shop,South Indian Filter Coffee Nashik,090964 25590,,4.8,68.0
"Bytco Point, Nashik Road",specialty coffee shop,Aks Coffee Essence,,,4.9,145.0
"Bytco Point, Nashik Road",specialty coffee shop,Emporio Coffee Lounge (Best Coffee Shop at CCM),084828 16555,,4.8,213.0
"Bytco Point, Nashik Road",specialty coffee shop,Chai Ki Patri | Cafe,093167 57370,,4.8,82.0
"Bytco Point, Nashik Road",specialty coffee shop,Pool Side Cafe,,,3.9,16.0
"Bytco Point, Nashik Road",specialty coffee shop,Cafe Jab we met,080800 07419,,4.6,33.0
"Bytco Point, Nashik Road",specialty coffee shop,PRASHANT CYBER CAFE,098232 60690,,4.3,80.0
"Bytco Point, Nashik Road",specialty coffee shop,Adarsh Amruttulya,,,3.8,6.0
"Bytco Point, Nashik Road",specialty coffee shop,The Breakfast Story Cafe & Bistro,097673 63709,,4.6,475.0
"Bytco Point, Nashik Road",specialty coffee shop,COFFEE CLUB NX,094212 90675,,4.3,917.0
"Bytco Point, Nashik Road",specialty coffee shop,Coffee Junction 24hrs,,,3.9,950.0
"Bytco Point, Nashik Road",specialty coffee shop,Cafe City Point,,,4.5,13.0
"Bytco Point, Nashik Road",specialty coffee shop,AKBAR SODA,098505 29717,,4.1,20.0
"Bytco Point, Nashik Road",specialty coffee shop,Nashik Coffee House,0253 231 3226,,3.9,130.0
"Bytco Point, Nashik Road",specialty coffee shop,Haji Tea Point,098223 38892,,4.3,26.0
"Bytco Point, Nashik Road",specialty coffee shop,M&M Cafe,084595 07305,,5.0,6.0
"Bytco Point, Nashik Road",specialty coffee shop,OM TEA HOUSE,086058 03344,,4.2,651.0
"Bytco Point, Nashik Road",specialty coffee shop,SAYANTARA,094231 75919,,4.3,5621.0
"Bytco Point, Nashik Road",specialty coffee shop,Luscious Layers,077220 82092,,4.2,2294.0
"Bytco Point, Nashik Road",specialty coffee shop,Hotspot cafe cidco,,,4.6,31.0
"Bytco Point, Nashik Road",specialty coffee shop,ASHOK BAKERY PRODUCTS,094206 90487,,4.5,279.0
"Bytco Point, Nashik Road",specialty coffee shop,The Cafe Nation,093592 13638,,5.0,3.0
"Bytco Point, Nashik Road",specialty coffee shop,CupsNCakes - Shree Krishna Sweets & Bakery,094229 45550,,4.6,70.0
"Bytco Point, Nashik Road",specialty coffee shop,Hot Spot Cafe,098230 40111,,4.4,61.0
"Bytco Point, Nashik Road",specialty coffee shop,Chaha pura,084213 82122,,4.3,37.0
"Bytco Point, Nashik Road",specialty coffee shop,Cafe Bliss,084849 52735,,4.1,1197.0
"Bytco Point, Nashik Road",specialty coffee shop,NASHIK ROAD Kirana Centre,0253 246 1465,,4.5,44.0
"Bytco Point, Nashik Road",specialty coffee shop,The Bakers Cake Shop,080076 54300,,4.8,160.0
"Bytco Point, Nashik Road",specialty coffee shop,Muscle Meal,095799 53981,,5.0,35.0
"Bytco Point, Nashik Road",specialty coffee shop,STAR BOYS BURGAR SANDWICH PIZZA,080105 80917,,4.7,18.0
"Bytco Point, Nashik Road",specialty coffee shop,BANGALORE IYYANGAR BAKERY,077700 01330,,4.1,116.0
"Bytco Point, Nashik Road",specialty coffee shop,Shree Ram Rabadiwala(Main Branch),088882 18284,,4.6,17.0
"Bytco Point, Nashik Road",specialty coffee shop,Hotel Maharashtra And Restaurant,,,4.3,52.0
"Bytco Point, Nashik Road",cafe,Leo's cafe,,,5.0,11.0
"Bytco Point, Nashik Road",cafe,Love At Every Bite Cafe And Cakes,0253 403 2654,,4.7,487.0
"Bytco Point, Nashik Road",cafe,Cafe Movd,089283 12807,,4.5,21.0
"Bytco Point, Nashik Road",cafe,Aatmatirth Cafe,0253 245 7162,,3.9,12.0
"Bytco Point, Nashik Road",cafe,Pokket cafe College Road,085303 68669,,4.6,630.0
"Bytco Point, Nashik Road",cafe,Cafe Once Upon A Time,,,4.7,25.0
"Bytco Point, Nashik Road",cafe,"Pokket cafe, Ashoka marg, Nashik",096736 97656,,4.4,923.0
"Bytco Point, Nashik Road",cafe,NAMO'S CAFE,080072 82966,,4.6,9.0
"Bytco Point, Nashik Road",cafe,Lucky'z Cafe,099703 49007,,5.0,4.0
"Bytco Point, Nashik Road",cafe,Chai Tapri,097661 88377,,4.1,605.0
"Bytco Point, Nashik Road",cafe,Meena cafe,,,4.7,3.0
"Bytco Point, Nashik Road",cafe,Skylight Cafe Nashik Road,0788 745 6262,,4.0,7.0
"Bytco Point, Nashik Road",cafe,BLACKBIRD CAFE,077209 09956,,4.0,3.0
"Bytco Point, Nashik Road",cafe,YUVRAJ CYBER CAFE,,,4.4,35.0
"Bytco Point, Nashik Road",cafe,La Terraza The Cafe Bar,,,4.0,164.0
"Bytco Point, Nashik Road",cafe,ACE CYBER CAFE,098505 24314,,4.6,5.0
"Bytco Point, Nashik Road",cafe,The chinese nook family restarant,,,3.2,31.0
"Bytco Point, Nashik Road",cafe,Stamping Ground,095031 41111,,4.1,1097.0
"Bytco Point, Nashik Road",cafe,# Tag Cafe,,,5.0,2.0
"Bytco Point, Nashik Road",cafe,Miraki Nashik Road,,,4.0,3.0
"Bytco Point, Nashik Road",cafe,CAFE SKC BY SHREE KRISHNA CHAAT,,,5.0,2.0
"Bytco Point, Nashik Road",cafe,Nasik road,,,3.6,7.0
"Bytco Point, Nashik Road",cafe,Hotel Darshan Bar & Restaurant,0253 246 3842,,3.5,239.0
"Bytco Point, Nashik Road",cafe,Good Karma Restaurant,0253 294 7500,,4.3,244.0
"Bytco Point, Nashik Road",lounge,Shri Trimbakeshwar Lounge,090985 56920,,3.3,3.0
"Bytco Point, Nashik Road",lounge,The Caves Family Restaurant & Bar,,,3.9,499.0
"Bytco Point, Nashik Road",lounge,K T S Family Restaurant and Bar,,,4.1,134.0
"Bytco Point, Nashik Road",lounge,BEAUTY LOUNGE,097641 66165,,3.7,6.0
"Bytco Point, Nashik Road",lounge,The Escape Lounge,,,3.6,24.0
"Bytco Point, Nashik Road",lounge,Leafy Veg & Non-Veg Bar Restaurant,099759 24437,,3.9,269.0
"Bytco Point, Nashik Road",lounge,Hotel SKY Family Restaurant & Bar,088888 62243,,4.1,31.0
"Bytco Point, Nashik Road",lounge,YoYo wines,,,3.9,48.0
"Bytco Point, Nashik Road",lounge,Vaibhav Bar & Restaurant,086003 59839,,3.9,25.0
"Bytco Point, Nashik Road",lounge,World Fitness Club,,,,
"Bytco Point, Nashik Road",lounge,"Professional Massage & Spa , for Ladies & Gents, Backpain ,Neck & Muscle pain, Muscle Stiffness",095116 19622,,5.0,268.0
"Bytco Point, Nashik Road",lounge,Bytco Point,,,,
"Bytco Point, Nashik Road",lounge,Hotel The Landmark,0253 241 0139,,3.8,163.0
"Bytco Point, Nashik Road",lounge,SSK Bar & Restaurant,,,4.3,12.0
"Bytco Point, Nashik Road",lounge,Vishala Hotel and Bar,,,3.7,52.0
"Bytco Point, Nashik Road",lounge,Nia Cafe (Snooker Club),,,5.0,7.0
"Bytco Point, Nashik Road",lounge,Punjabi Tadka Parcel Point,070200 67529,,3.8,112.0
"Bytco Point, Nashik Road",lounge,The Style Bar,,,,
"Bytco Point, Nashik Road",lounge,BYTCO FOOTBALL CLUB,084469 92510,,4.5,21.0
"Bytco Point, Nashik Road",lounge,FAMILY COURT BAR ASSOCIATION,0253 259 8199,,4.2,6.0
"Bytco Point, Nashik Road",lounge,Hotel Avanti,0253 245 9616,,3.7,993.0
"Bytco Point, Nashik Road",lounge,SP FITNESS & HEALTH CLUB,,,4.8,27.0
"Bytco Point, Nashik Road",lounge,"Accessory Club, Immitation Jwellery",,,5.0,8.0
"Bytco Point, Nashik Road",lounge,Club Ground,,,4.0,121.0
"Bytco Point, Nashik Road",lounge,YAKSHA CRICKET ACADEMY,093596 05628,,5.0,19.0
"Bytco Point, Nashik Road",lounge,Deshi daru dukaan,,,4.0,6.0
"Bytco Point, Nashik Road",lounge,Super Fresh,088886 44036,,3.0,4.0
"Bytco Point, Nashik Road",lounge,Holy Bowl,099226 73344,,4.4,11.0
"Bytco Point, Nashik Road",lounge,Nashik Amateur Radio club,,,5.0,1.0
"Bytco Point, Nashik Road",lounge,Quarter Pillar Bar and Restaurant,098929 80404,,4.2,55.0
"Bytco Point, Nashik Road",lounge,Hotel DARSHAN Lodging,0253 246 3784,,3.5,212.0
"Bytco Point, Nashik Road",lounge,Fresh Fruits and Juice Center Nashik,089992 48589,,,
"Bytco Point, Nashik Road",lounge,Happiness Club,,,5.0,1.0
"Bytco Point, Nashik Road",restro bar,Hotel Mamas Bar And FAMILY Restaurant,,,3.8,339.0
"Bytco Point, Nashik Road",restro bar,Hotel Bhairavi Bar & Restro,,,3.7,180.0
"Bytco Point, Nashik Road",restro bar,THE LIQUOR HOUSE RESTAURANT AND BAR,084689 63618,,4.2,93.0
"Bytco Point, Nashik Road",restro bar,HOTEL EXPRESS RESTO & BAR,095799 85559,,4.0,404.0
"Bytco Point, Nashik Road",restro bar,Hotel Lotus Bar & Restaurant,,,4.0,160.0
"Bytco Point, Nashik Road",restro bar,Hotel Rangat,098222 81793,,3.8,81.0
"Bytco Point, Nashik Road",restro bar,Hemraj Rest and Bar,,,4.0,185.0
"Bytco Point, Nashik Road",restro bar,HOTEL STAR RESTAURANT & BAR,097654 87785,,3.7,82.0
"Bytco Point, Nashik Road",restro bar,Yaari Resto & Bar,,,3.0,6.0
"Bytco Point, Nashik Road",restro bar,"Pegasus Global Cuisine - Restaurant, Bar & Banquet By Callisto",090965 11106,,4.4,158.0
"Bytco Point, Nashik Road",restro bar,Hotel Shailesh Bar And Restaurant,0253 245 9308,,4.0,29.0
"Bytco Point, Nashik Road",restro bar,Hotel Vaibhav Bar And Restaurant,097679 83338,,3.7,89.0
"Bytco Point, Nashik Road",restro bar,VAISHALI VEG & NON VEG FAMILY RESTAURANT,099755 84828,,4.1,502.0
"Bytco Point, Nashik Road",restro bar,Yash hotel,084829 77257,,4.7,25.0
"Bytco Point, Nashik Road",restro bar,Hotel Mazda & Cafe - Best Cafe in Nashik| Family Restaurant in Nashik| Multicusion Restaurant in Nashik,085303 92333,,4.3,541.0
"Bytco Point, Nashik Road",restro bar,Heera Bar,,,3.2,31.0
"Bytco Point, Nashik Road",restro bar,River Dine Restaurant & Banquet,099232 73444,,4.1,3095.0
"Bytco Point, Nashik Road",restro bar,TAJ RESTAURANT,093715 32587,,4.3,40.0
"Bytco Point, Nashik Road",restro bar,"AMANDAH Kitchen, Bar and Cafe",,,4.0,106.0
"Bytco Point, Nashik Road",restro bar,Sai Leela Family Restaurant & Snacks,098226 41888,,3.9,504.0
"Bytco Point, Nashik Road",restro bar,RK JUICE,092093 43312,,5.0,17.0
"Bytco Point, Nashik Road",restro bar,GPS 99 RESTAURANT,086691 10119,,4.0,938.0
"Bytco Point, Nashik Road",restro bar,Hotel Maharastra Darbar,070301 27000,,3.8,140.0
"Bytco Point, Nashik Road",restro bar,Hotel Rasoi,0253 235 1090,,3.9,366.0
"Bytco Point, Nashik Road",restro bar,New Metro Restaurant,090118 97668,,3.9,11.0
"Bytco Point, Nashik Road",unisex salon,Clip n snip Unisex salon,,,5.0,2.0
"Bytco Point, Nashik Road",unisex salon,Elegance Salon,081041 00135,,4.8,261.0
"Bytco Point, Nashik Road",unisex salon,XO Unisex Salon,088308 17234,,3.7,3.0
"Bytco Point, Nashik Road",unisex salon,Petals Beauty & Hair Studio,083297 09779,,4.9,137.0
"Bytco Point, Nashik Road",unisex salon,Good Looking Hair Point,070205 16983,,4.8,161.0
"Bytco Point, Nashik Road",unisex salon,Simran Beauty Salon,092702 79469,,4.9,72.0
"Bytco Point, Nashik Road",unisex salon,Priti's Parineeta Salon & International Beauty Academy (Nashikroad Branch),098902 89618,,4.9,74.0
"Bytco Point, Nashik Road",unisex salon,The Shape Up Salon,,,4.9,150.0
"Bytco Point, Nashik Road",unisex salon,Master cut's (Unisex Salon),073852 82391,,3.9,20.0
"Bytco Point, Nashik Road",unisex salon,Xtreme Salon,086002 89169,,4.8,53.0
"Bytco Point, Nashik Road",unisex salon,New Professional Unisex Salon,073501 31709,,4.8,9.0
"Bytco Point, Nashik Road",unisex salon,Looks HAIR STUDIO Unisex salon,084213 27834,,4.8,59.0
"Bytco Point, Nashik Road",unisex salon,THE HAIRPORT,099223 38669,,4.5,179.0
"Bytco Point, Nashik Road",unisex salon,Bella saloon and spa only women's,093265 79432,,,
"Bytco Point, Nashik Road",unisex salon,V-NICE BEAUTY SALON AND MAKEUP STUDIO,,,,
"Bytco Point, Nashik Road",unisex salon,Spark beauty care,,,4.7,27.0
"Bytco Point, Nashik Road",unisex salon,M K FAMILY SALON (iT's YoUr TiMe To ShiNe) NASHIK HAIR STYLIST,079728 53676,,4.8,270.0
"Bytco Point, Nashik Road",unisex salon,PINK AND BLUE UNISEX SALON,,,4.9,9.0
"Bytco Point, Nashik Road",unisex salon,SB Beauty Salon | SAROJ BHAMARE |,079726 81197,,4.9,23.0
"Bytco Point, Nashik Road",unisex salon,HAIRMASTER SALON,088888 61569,,4.9,57.0
"Bytco Point, Nashik Road",unisex salon,Saundarya Beauty Hub,093258 55204,,4.8,25.0
"Bytco Point, Nashik Road",unisex salon,AB BEAUTY SALON & ACADEMY,,,5.0,11.0
"Bytco Point, Nashik Road",unisex salon,AKSHAAY - Unisex Salon & Academy,093719 99355,,4.8,211.0
"Bytco Point, Nashik Road",unisex salon,MADHAVI'S Beauty Salon & Academy,094206 93526,,4.6,39.0
"Bytco Point, Nashik Road",unisex salon,Vidhi beauty parlour,,,5.0,8.0
"Bytco Point, Nashik Road",unisex salon,Scissor Palace,097667 33618,,4.4,309.0
"Bytco Point, Nashik Road",unisex salon,Looks Unisex Salon,099750 82490,,3.0,4.0
"Bytco Point, Nashik Road",unisex salon,Nikki's Beauty Salon,070582 51390,,,
"Bytco Point, Nashik Road",unisex salon,BLOSSOM MENS PARLOUR,,,4.9,129.0
"Bytco Point, Nashik Road",unisex salon,Petals Feminine Salon,083297 09779,,4.7,19.0
"Bytco Point, Nashik Road",unisex salon,SHINE AT NINE HAIR AND BEAUTY SALON,087670 30735,,5.0,15.0
"Bytco Point, Nashik Road",unisex salon,Yogeshwar Men's Parlour,092703 01627,,5.0,2.0
"Bytco Point, Nashik Road",unisex salon,Sam Unisex Salon | Nashik,086689 93861,,4.8,356.0
"Bytco Point, Nashik Road",unisex salon,HS Unisex Saloon,077749 89143,,4.5,8.0
"Bytco Point, Nashik Road",unisex salon,Saheb Hair & Beauty Family Salon,094222 55601,,4.7,34.0
"Bytco Point, Nashik Road",unisex salon,Sakshi Beauty Parlor,,,,
"Bytco Point, Nashik Road",unisex salon,Vicky's Family Salon,092725 28401,,4.4,38.0
"Bytco Point, Nashik Road",unisex salon,Vinod Hair Salon,092092 94157,,4.6,43.0
"Bytco Point, Nashik Road",unisex salon,Sahyog Salon,0788 788 2707,,4.9,8.0
"Bytco Point, Nashik Road",unisex salon,Fringe Hair and Beauty salon,,,4.2,10.0
"Bytco Point, Nashik Road",unisex salon,Nature touch salon and academy,,,5.0,2.0
"Bytco Point, Nashik Road",unisex salon,Shortcuts Unisex Salon,095798 50368,,5.0,204.0
"Bytco Point, Nashik Road",unisex salon,Charming Glow Beauty Salon Only Ladies,082618 06885,,5.0,11.0
"Bytco Point, Nashik Road",nail salon,Duo Glam Nail Studio nashikroad,,,5.0,10.0
"Bytco Point, Nashik Road",nail salon,Glossy_Nails by harshita NASHIK,070307 50137,,,
"Bytco Point, Nashik Road",nail salon,Nail art,,,5.0,1.0
"Bytco Point, Nashik Road",nail salon,Sree kalas beauty salon,095183 25609,,,
"Bytco Point, Nashik Road",nail salon,Priti's Beauty Studio,094210 43901,,5.0,3.0
"Bytco Point, Nashik Road",nail salon,Rupali lifestyle dipptizmakeovers,095619 80176,,4.8,147.0
"Bytco Point, Nashik Road",nail salon,Style Beauty Salon,095952 82711,,3.5,24.0
"Bytco Point, Nashik Road",nail salon,Shree Nail And Mehendi Art,080555 78316,,5.0,1.0
"Bytco Point, Nashik Road",nail salon,Honey Beauty Studio & Academy,077568 05341,,4.9,241.0
"Bytco Point, Nashik Road",nail salon,Gunpriya's Makeover,093563 80386,,5.0,17.0
"Bytco Point, Nashik Road",nail salon,Anaya Makeup Studio & Saloon,096995 60251,,5.0,47.0
"Bytco Point, Nashik Road",nail salon,Show Stopper Unisex Salon,086980 34013,,4.4,354.0
"Bytco Point, Nashik Road",nail salon,Jaziee Nails,074480 90579,,5.0,2.0
"Bytco Point, Nashik Road",nail salon,Zenicure Wellness &Spa,096994 64287,,3.3,7.0
"Bytco Point, Nashik Road",nail salon,My Beauty Blush,093094 77237,,5.0,19.0
"Bytco Point, Nashik Road",nail salon,Poonam Beauty Parlour & Academy,,,4.9,22.0
"Bytco Point, Nashik Road",nail salon,Lotus Beauty Care Only for Women,098220 62940,,4.9,117.0
"Bytco Point, Nashik Road",nail salon,Miss Glamour,088887 34728,,4.9,13.0
"Bytco Point, Nashik Road",nail salon,Darshu's Nail Art,096041 37566,,4.0,1.0
"Bytco Point, Nashik Road",nail salon,Archana Beauty Salon & Academy,,,5.0,2.0
"Bytco Point, Nashik Road",aesthetic clinic,Dr. Manisha Avhad's Skin Clinic,077180 61690,,4.8,18.0
"Bytco Point, Nashik Road",aesthetic clinic,SkinoVedics Skin and Hair Clinic,076666 82764,,4.9,99.0
"Bytco Point, Nashik Road",aesthetic clinic,Dr Sheetal’s Skin and Hair Clinic,075886 06599,,4.8,26.0
"Bytco Point, Nashik Road",aesthetic clinic,Elite Kalpana Skin Clinic,086550 01328,,4.9,30.0
"Bytco Point, Nashik Road",aesthetic clinic,Dr. Tushar Bhoge,,,4.8,14.0
"Bytco Point, Nashik Road",aesthetic clinic,Spandan Skin Hair & Laser Clinic,,,,
"Bytco Point, Nashik Road",aesthetic clinic,"Dr. Adke's Health, Skin & Laser Clinic",093594 32667,,4.6,29.0
"Bytco Point, Nashik Road",aesthetic clinic,"Dermaglow Aesthetic Clinic - Best Skin, Laser & Hair Transplant Clinic in Nashik",078409 99558,,,
"Bytco Point, Nashik Road",aesthetic clinic,SANJIVANI CLINIC,,,5.0,1.0
"Bytco Point, Nashik Road",aesthetic clinic,"Shri Vishwavallabh Ayurved & Panchkarma Clinic, Best Ayurveda Doctor for Obesity, Diabetes, PCOD, Skin care in Nashik Road",,,4.9,15.0
"Bytco Point, Nashik Road",aesthetic clinic,SKIN MANTRA,089998 58634,,4.5,2.0
"Bytco Point, Nashik Road",aesthetic clinic,Dr.Ashutosh Shirsath,0253 246 0517,,5.0,79.0
"Bytco Point, Nashik Road",aesthetic clinic,Dr swapna more Ayuderma Skin/Hair/Laser Clinic,093700 03422,,5.0,3.0
"Bytco Point, Nashik Road",aesthetic clinic,Dr. Kute's Shri Vishwadeep Ayurved Panchakarma Clinic,099702 59776,,5.0,5.0
"Bytco Point, Nashik Road",aesthetic clinic,Cozmoderma aesthetic clinic,,,5.0,1.0
"Bytco Point, Nashik Road",aesthetic clinic,Seema health Care Clinic (Dr.Supriya Salve),,,5.0,42.0
"Bytco Point, Nashik Road",aesthetic clinic,Shree Saptashrungi Clinic,098606 85860,,5.0,1.0
"Bytco Point, Nashik Road",aesthetic clinic,Being Young Clinic - Skin | Aesthetics | Hair | Laser,091300 99330,,4.7,81.0
"Bytco Point, Nashik Road",aesthetic clinic,Dr Amit Gangurde,,,3.9,8.0
"Bytco Point, Nashik Road",aesthetic clinic,MEDICARE MULTISPECIALITY HOSPITAL,081491 51503,,5.0,26.0
"Bytco Point, Nashik Road",aesthetic clinic,Shree Health Clinic [Dr.Shubhangi Bhosale],084599 81477,,5.0,1.0
"Bytco Point, Nashik Road",aesthetic clinic,MEDINOVA CLINIC NASHIK,082085 86036,,5.0,26.0
"Bytco Point, Nashik Road",aesthetic clinic,Kumat Clinic,,,,
"Bytco Point, Nashik Road",aesthetic clinic,Dr.Vartak (Dermatologists),0253 246 6268,,3.2,67.0
"Bytco Point, Nashik Road",aesthetic clinic,Dr. Wable Maternity Hospital,0253 246 7125,,5.0,155.0
"Bytco Point, Nashik Road",aesthetic clinic,Indumati Clinic Dr Behere,0253 246 2693,,3.9,7.0
"Bytco Point, Nashik Road",aesthetic clinic,Dr. Paprikar Hospital,,,3.8,32.0
"Bytco Point, Nashik Road",aesthetic clinic,Dr. SAPNA'S D&S ASTHETICS,099607 35638,,5.0,28.0
"Bytco Point, Nashik Road",aesthetic clinic,TRISTAN DERMATOPATHOLOGY RESEARCH CENTER NASHIK,070459 52327,,,
"Bytco Point, Nashik Road",aesthetic clinic,Vighnaharta clinic and sahyadri medical,079726 02349,,5.0,1.0
"Bytco Point, Nashik Road",aesthetic clinic,Prerana Beauty Clinic and academy,,,4.3,10.0
"Bytco Point, Nashik Road",aesthetic clinic,MANGALYA CLINIC,,,5.0,2.0
"Bytco Point, Nashik Road",pilates studio,PALDE'S FITNESS,092721 76662,,4.8,21.0
"Bytco Point, Nashik Road",pilates studio,Fitness Point Gym Nashik Road,098221 96099,,4.3,15.0
"Bytco Point, Nashik Road",pilates studio,Visho Fitness Mantra,098228 76452,,4.9,165.0
"Bytco Point, Nashik Road",pilates studio,Workout zone,085308 11185,,4.7,74.0
"Bytco Point, Nashik Road",pilates studio,Disha art and yoga classes,075073 32223,,5.0,11.0
"Bytco Point, Nashik Road",pilates studio,Pro Health Fitness,,,5.0,129.0
"Bytco Point, Nashik Road",pilates studio,Fit N Fine Gym,0253 406 4254,,4.7,232.0
"Bytco Point, Nashik Road",pilates studio,AIM FITNESS STUDIO (Zumba),099601 49559,,4.9,52.0
"Bytco Point, Nashik Road",pilates studio,Pehelwaan Fitness (Gents & Separate Ladies Floor),080079 63408,,4.4,54.0
"Bytco Point, Nashik Road",pilates studio,WOMENS FITNESS PORT,070202 44927,,5.0,4.0
"Bytco Point, Nashik Road",pilates studio,Shraddha Dance & Fitness Studio,097645 86772,,4.9,37.0
"Bytco Point, Nashik Road",pilates studio,Euphoria Fitness Club,088302 07040,,4.2,297.0
"Bytco Point, Nashik Road",pilates studio,My Fitness First Gym,096040 97003,,4.6,178.0
"Bytco Point, Nashik Road",pilates studio,Dr. Puri's Sparsh Advanced Physiotherapy Clinic And Rehabilitation Center,099308 73007,,5.0,6.0
"Bytco Point, Nashik Road",crossfit,Champion Crossfit Gym,082088 69736,,,
"Bytco Point, Nashik Road",crossfit,FITEOROID,087668 83819,,5.0,1.0
"Bytco Point, Nashik Road",crossfit,Grow up Gym,075064 07916,,4.3,133.0
"Bytco Point, Nashik Road",crossfit,Calizen Calisthenics Fitness Park,,,5.0,10.0
"Bytco Point, Nashik Road",crossfit,HiTensity crossfit and fitness hub,072630 68659,,4.9,175.0
"Bytco Point, Nashik Road",crossfit,Ladies gym YT Fitness gym,090110 89558,,5.0,22.0
"Bytco Point, Nashik Road",crossfit,Power house Gym,098604 23837,,4.8,186.0
"Bytco Point, Nashik Road",crossfit,Asha Fitness Unisex Gym | Nashik,,,4.9,47.0
"Bytco Point, Nashik Road",crossfit,Ladies Gym Grow Up,,,4.6,39.0
"Bytco Point, Nashik Road",crossfit,Iron Body Fitness Gym and Tiger Kickboxer Club,,,5.0,38.0
"Bytco Point, Nashik Road",crossfit,Big Life Fitness,0253 246 6711,,3.4,49.0
"Bytco Point, Nashik Road",crossfit,Grow Up Gym,,,4.2,33.0
"Bytco Point, Nashik Road",crossfit,Core Strength and Fitness | UNISEX Gym,080070 80900,,4.4,76.0
"Bytco Point, Nashik Road",crossfit,D Fitness Gym,,,4.7,34.0
"Bytco Point, Nashik Road",crossfit,Multifit club,099705 88185,,5.0,96.0
"Bytco Point, Nashik Road",crossfit,M FITNESS CLUB,090113 41296,,5.0,57.0
"Bytco Point, Nashik Road",crossfit,Aadesh the perfect men's wear,098815 78057,,4.6,22.0
"Bytco Point, Nashik Road",crossfit,Sculpt Strength Studio,086699 90052,,4.8,87.0
"Bytco Point, Nashik Road",crossfit,Fightkraft Combat Fitness Academy 👊🏻 Pro Boxing • Kickboxing • Muay Thai • MMA,083808 11911,,5.0,2.0
"Bytco Point, Nashik Road",crossfit,Fitness Cyclone,090212 46606,,4.9,70.0
"Bytco Point, Nashik Road",crossfit,Gym Center,,,,
"Bytco Point, Nashik Road",crossfit,Reflexion Gym and Fitness Center,077700 77664,,4.6,172.0
"Bytco Point, Nashik Road",crossfit,Core Fitness Unisex Gym | Best Gym In Nashik,0253 299 0909,,4.8,136.0
"Bytco Point, Nashik Road",crossfit,M Square fitness - Premium Fitness Centre in Nashik,077750 77653,,4.6,46.0
"Bytco Point, Nashik Road",crossfit,91 Fitness Point,,,4.6,19.0
"Bytco Point, Nashik Road",crossfit,THE O.B FITNESS HUB,073855 79952,,4.9,169.0
"Bytco Point, Nashik Road",crossfit,ATS Fitness,098502 57392,,5.0,1.0
"Bytco Point, Nashik Road",crossfit,K.K fitness,,,4.8,6.0
"Bytco Point, Nashik Road",coworking space,Deck Spaces Co-Working.,092721 86816,,4.8,79.0
"Bytco Point, Nashik Road",coworking space,Infinity Desks,070202 75785,,4.7,14.0
"Bytco Point, Nashik Road",coworking space,"UNIVATE - Coworking Space, Events & Conference Room",077748 88163,,4.9,25.0
"Bytco Point, Nashik Road",coworking space,Impact Spaces - Coworking Space in Nashik,099213 67880,,4.9,74.0
"Bytco College, Nashik Road",specialty coffee shop,Omega Cafeteria,,,4.9,59.0
"Bytco College, Nashik Road",specialty coffee shop,BTC café,,,3.8,8.0
"Bytco College, Nashik Road",specialty coffee shop,COFFEE N YOU ️,098906 50594,,4.7,18.0
"Bytco College, Nashik Road",specialty coffee shop,Cafe Panchayat,088880 08368,,4.4,678.0
"Bytco College, Nashik Road",specialty coffee shop,Cocoa N' crème,086050 62590,,5.0,17.0
"Bytco College, Nashik Road",specialty coffee shop,Campus Choice Bakers,,,3.7,51.0
"Bytco College, Nashik Road",specialty coffee shop,Wakeup cafe,,,4.3,280.0
"Bytco College, Nashik Road",specialty coffee shop,"Chai Ketali, College Road, Nashik",098909 78676,,4.0,1390.0
"Bytco College, Nashik Road",specialty coffee shop,Raj Foods,097636 66646,,4.5,60.0
"Bytco College, Nashik Road",specialty coffee shop,TRC The Reality Cafe,077374 51555,,4.7,292.0
"Bytco College, Nashik Road",specialty coffee shop,Sweet Wonders,085304 26178,,4.7,84.0
"Bytco College, Nashik Road",specialty coffee shop,Blendz cafe,080075 44999,,4.4,70.0
"Bytco College, Nashik Road",specialty coffee shop,Coffee club 001,,,4.5,22.0
"Bytco College, Nashik Road",specialty coffee shop,Yolk Tales,,,4.5,67.0
"Bytco College, Nashik Road",specialty coffee shop,Durga cafe and restaurent,,,4.9,10.0
"Bytco College, Nashik Road",specialty coffee shop,Brew culture cafe,,,4.9,9.0
"Bytco College, Nashik Road",cafe,Madras Cafe,084840 98589,,3.7,608.0
"Bytco College, Nashik Road",cafe,Rhythm & roast cafe,077982 71817,,,
"Bytco College, Nashik Road",cafe,Brown Heart Cafe,082007 37924,,4.9,7.0
"Bytco College, Nashik Road",cafe,Icchamani Amruttulya,086006 64672,,5.0,2.0
"Bytco College, Nashik Road",cafe,Nashik Swad Katta,079832 43131,,4.7,25.0
"Bytco College, Nashik Road",cafe,Happynoz Pizza,093734 16848,,4.2,30.0
"Bytco College, Nashik Road",cafe,Sayintara upvas,089834 96949,,4.4,87.0
"Bytco College, Nashik Road",cafe,Udupi Tadka's Hariyali Veg Restaurant & Party Hall,089560 36930,,4.2,2152.0
"Bytco College, Nashik Road",cafe,Sanju's Cafeteria Chinese Cafe,078880 04887,,4.7,6.0
"Bytco College, Nashik Road",cafe,Shri Chintamani POLI BHAJI KENDRA & FAST FOOD,095799 66007,,3.9,149.0
"Bytco College, Nashik Road",cafe,Oliv- Taste the Calm,090492 19589,,4.9,154.0
"Bytco College, Nashik Road",cafe,Aple Sarkar Seva Kendra and OMKAR CYBER CAFE,086006 90890,,3.7,146.0
"Bytco College, Nashik Road",lounge,H.R DANCE & FITNESS CLUB,,,4.9,93.0
"Bytco College, Nashik Road",lounge,P N Hair n Beauty Lounge,099223 38669,,5.0,2.0
"Bytco College, Nashik Road",lounge,Dancing Beast Studio,,,,
"Bytco College, Nashik Road",unisex salon,Sparkle 9 Beauty salon,,,5.0,22.0
"Bytco College, Nashik Road",unisex salon,Y & R Academy Makeup Studio,,,4.9,11.0
"Bytco College, Nashik Road",unisex salon,Studio N9 Salon & Academy,099228 22463,,5.0,35.0
"Bytco College, Nashik Road",unisex salon,Bina Hair & Beauty Care,084469 14442,,5.0,1.0
"Bytco College, Nashik Road",unisex salon,Glow & Glamour Beauty Salon & Academy,098237 72554,,4.7,3.0
"Bytco College, Nashik Road",unisex salon,Nazrana Saloon,099601 28179,,3.0,2.0
"Bytco College, Nashik Road",unisex salon,Prince Hair salon,,,5.0,2.0
"Bytco College, Nashik Road",unisex salon,Cut To Cut Mens Parlour,094219 88992,,4.3,22.0
"Bytco College, Nashik Road",unisex salon,Elegance The Beauty Salon,089996 74770,,3.0,2.0
"Bytco College, Nashik Road",unisex salon,Aayush Hair Saloon,097667 33618,,5.0,4.0
"Bytco College, Nashik Road",nail salon,Her Nails,,,5.0,6.0
"Bytco College, Nashik Road",nail salon,GLAM TOUCH,079728 62398,,5.0,16.0
"Bytco College, Nashik Road",nail salon,Mini Queen's Nail and Beauty Studio,098224 31566,,,
"Bytco College, Nashik Road",nail salon,Sunrise wellness spa,070302 03099,,4.8,533.0
"Bytco College, Nashik Road",nail salon,Dimple's Beauty Care and Makeup Academy,086685 30505,,5.0,87.0
"Bytco College, Nashik Road",nail salon,VS Salon & Makeover,083294 05461,,5.0,63.0
"Bytco College, Nashik Road",nail salon,Dignity Salon,,,4.9,37.0
"Bytco College, Nashik Road",nail salon,SuvarnGauri Beauty Parlour,,,5.0,4.0
"Bytco College, Nashik Road",nail salon,Palak Beauty Salon & Makeover,098509 31179,,5.0,3.0
"Bytco College, Nashik Road",aesthetic clinic,Dr Paresh Agiwal Skin & Hair transplant clinic,,,,
"Bytco College, Nashik Road",aesthetic clinic,Super Speciality Dental and Implant Center,098116 24947,,4.7,26.0
"Bytco College, Nashik Road",aesthetic clinic,Dr. Virendra Kharpate Skin Clinic,0253 246 6143,,3.7,19.0
"Bytco College, Nashik Road",aesthetic clinic,Divya Home Needs & Beauty Products,078419 30601,,5.0,1.0
"Bytco College, Nashik Road",aesthetic clinic,SHRUTI CLINIC Dr. Shridhar Mukadam,094206 94481,,4.9,13.0
"Bytco College, Nashik Road",aesthetic clinic,Dr. Nishant Ghodake Hospital,,,3.4,17.0
"Bytco College, Nashik Road",aesthetic clinic,Dr Rathod's Ortho Clinic In Nashik,072761 16146,,4.9,249.0
"Bytco College, Nashik Road",aesthetic clinic,Dr.Jaya's Arihant Homeopathic Clinic,095798 40646,,4.8,12.0
"Bytco College, Nashik Road",aesthetic clinic,"Dr. Jaydeep Bhambare- General Physician in Nashik | Hypertension, Diabetes, Thyroid Specialist | Infectious Disease Treatment",087999 32608,,4.1,10.0
"Bytco College, Nashik Road",aesthetic clinic,"SATVA ENT CLINIC, DR NARSINHA DAVANGE ENT SPECIALIST",089999 54831,,5.0,38.0
"Bytco College, Nashik Road",aesthetic clinic,Dr Rakhees cosmetic Homoeopathic clinic & Dahale Homoeopathic Clinic,,,5.0,50.0
"Bytco College, Nashik Road",aesthetic clinic,Jivaniya Super speciality clinic of ayurved,,,4.6,11.0
"Bytco College, Nashik Road",pilates studio,i-Active The Studio,,,4.0,12.0
"Bytco College, Nashik Road",crossfit,9SG Fitness,080559 04904,,4.9,74.0
"Bytco College, Nashik Road",crossfit,Fitness Legacy unisex gym,077579 99992,,4.7,139.0
"Bytco College, Nashik Road",crossfit,ICON FITNESS HUB UNISEX GYM,087884 91628,,4.9,258.0
"Bytco College, Nashik Road",crossfit,Body Boutique Female Fitness Club,096070 91993,,4.7,65.0
"Bytco College, Nashik Road",crossfit,Rode fitness center,096578 82336,,5.0,5.0
"Bytco College, Nashik Road",crossfit,OM'S FITNESS,094223 22722,,5.0,3.0
"Bytco College, Nashik Road",crossfit,Health Education of sports and fitness,085306 09668,,5.0,10.0
"Bytco College, Nashik Road",crossfit,"Icon Fitness 2.0,Unisex gym",087884 91628,,5.0,8.0
"Bytco College, Nashik Road",crossfit,THE BULL FITNESS,085549 58271,,4.7,11.0
"Bytco College, Nashik Road",crossfit,G Fit Fitness club,075176 78759,,4.8,39.0
"Bytco College, Nashik Road",crossfit,M45 The Fitness Studio - Best gym in Nashik road,091375 05478,,5.0,159.0
"Muktidham, Nashik Road",specialty coffee shop,BREW HUB COFFEE,099703 66649,,4.4,181.0
"Muktidham, Nashik Road",specialty coffee shop,NASHIK FOOD CAFE,077750 59111,,5.0,57.0
"Muktidham, Nashik Road",specialty coffee shop,"Amrutdham, nashik",,,4.3,94.0
"Muktidham, Nashik Road",specialty coffee shop,KARMVEER CAFE (Amruttulya ),098237 39334,,4.8,221.0
"Muktidham, Nashik Road",specialty coffee shop,Garam chaha and cafe,,,4.6,21.0
"Muktidham, Nashik Road",specialty coffee shop,2 Beans by Savya,,,5.0,12.0
"Muktidham, Nashik Road",specialty coffee shop,Muktidham Mandir,098508 44448,,4.5,16051.0
"Muktidham, Nashik Road",specialty coffee shop,New Relax Cafe,098230 40111,,4.2,37.0
"Muktidham, Nashik Road",specialty coffee shop,Shri Mysore Dosa Center,098227 77924,,4.2,237.0
"Muktidham, Nashik Road",specialty coffee shop,"Top n,Town Scoops and Smiles...",087669 73837,,4.8,28.0
"Muktidham, Nashik Road",specialty coffee shop,One Folk Cafe,,,4.0,24.0
"Muktidham, Nashik Road",specialty coffee shop,Coffee Hub,073042 09489,,3.9,35.0
"Muktidham, Nashik Road",specialty coffee shop,Cafe Junction,083083 45698,,4.6,173.0
"Muktidham, Nashik Road",specialty coffee shop,Cafe' Xpress,097638 62139,,4.4,443.0
"Muktidham, Nashik Road",specialty coffee shop,Rajubhai Dabeliwale | Nashik Road,093722 61763,,4.4,529.0
"Muktidham, Nashik Road",specialty coffee shop,Om Kutchhi Dabeli,079727 97618,,4.3,671.0
"Muktidham, Nashik Road",specialty coffee shop,Mauli Vadapav & Cafe,090215 60233,,4.8,17.0
"Muktidham, Nashik Road",specialty coffee shop,Blessings caffe,091750 43565,,5.0,110.0
"Muktidham, Nashik Road",specialty coffee shop,The Forest Cafeteria,,,4.8,24.0
"Muktidham, Nashik Road",specialty coffee shop,Alaknanda Bakery,093560 32224,,4.2,53.0
"Muktidham, Nashik Road",cafe,Madhuram Cafe,070203 60933,,4.2,74.0
"Muktidham, Nashik Road",cafe,Buba Junction,,,4.9,30.0
"Muktidham, Nashik Road",cafe,New Rasoi Restaurant Nashik,098810 79090,,4.1,1609.0
"Muktidham, Nashik Road",cafe,Nana's Chaha NMC,090281 22685,,4.1,20.0
"Muktidham, Nashik Road",cafe,Panchali Pure Veg Family Resturant,098507 50837,,3.6,623.0
"Muktidham, Nashik Road",cafe,Amritsar Soya Chaap,087934 21619,,4.7,171.0
"Muktidham, Nashik Road",cafe,Dhanshree Cafe & Mess,087882 12880,,4.2,10.0
"Muktidham, Nashik Road",cafe,Cafe TTMM,080077 84803,,4.2,377.0
"Muktidham, Nashik Road",cafe,Chaat Express,098815 00703,,5.0,24.0
"Muktidham, Nashik Road",cafe,The Peshawari Family Restaurant,088058 68736,,4.8,55.0
"Muktidham, Nashik Road",cafe,Hotel Sadhguru,075584 63118,,4.1,2512.0
"Muktidham, Nashik Road",cafe,SHIVBHOLE DOSA CENTER,088307 43916,,5.0,1.0
"Muktidham, Nashik Road",cafe,Jay Bajrang Milk Center,,,4.6,11.0
"Muktidham, Nashik Road",cafe,Shalimar Restaurant,097662 37520,,3.9,819.0
"Muktidham, Nashik Road",cafe,Walia Dhaba,,,4.0,7.0
"Muktidham, Nashik Road",lounge,Nmoshree tours and travels,,,,
"Muktidham, Nashik Road",lounge,Lions Club Garden,,,3.7,88.0
"Muktidham, Nashik Road",lounge,Hotel Orange Tree,,,3.3,390.0
"Muktidham, Nashik Road",lounge,Eagle Sports Ground,,,4.3,524.0
"Muktidham, Nashik Road",lounge,Shriram Guest House,0253 297 6974,,3.1,212.0
"Muktidham, Nashik Road",lounge,Mad Owl Club Bartending Service,,,5.0,1.0
"Muktidham, Nashik Road",lounge,Hotel Theem Plaaza Nashik,091300 34093,,3.9,572.0
"Muktidham, Nashik Road",lounge,Pratik Milk,,,1.0,1.0
"Muktidham, Nashik Road",lounge,Hotel cherman,,,,
"Muktidham, Nashik Road",lounge,Rana's Snacks (Thalipith) Centre,,,4.3,605.0
"Muktidham, Nashik Road",lounge,Snack-Bar,086001 89568,,,
"Muktidham, Nashik Road",lounge,IRCTC DORMITORY NASHIK ROAD,,,4.0,72.0
"Muktidham, Nashik Road",lounge,Hotel sai lodge,,,3.3,347.0
"Muktidham, Nashik Road",lounge,Kadam Mangal Karyalaya and Lawns,096731 16200,,4.0,702.0
"Muktidham, Nashik Road",unisex salon,Adaa-The Salon,099221 74313,,4.7,56.0
"Muktidham, Nashik Road",unisex salon,Look Well Makeup Studio and Spa,092712 46605,,4.7,26.0
"Muktidham, Nashik Road",unisex salon,Nitin Men's Parlour,097662 40812,,4.6,32.0
"Muktidham, Nashik Road",unisex salon,Crystal hair men's salon,,,5.0,8.0
"Muktidham, Nashik Road",unisex salon,Mirror Salon,098508 94848,,4.8,25.0
"Muktidham, Nashik Road",unisex salon,Cut And Shave,096376 87638,,4.6,58.0
"Muktidham, Nashik Road",aesthetic clinic,Tulip Dental Care & Kidney Care : Dr. Vipul Gattani | Dr. Shruti Gattani,099782 57085,,4.8,57.0
"Muktidham, Nashik Road",aesthetic clinic,Dr Kute,,,4.5,2.0
"Muktidham, Nashik Road",aesthetic clinic,Yashali Hospital Nashik Dr Shirish Ghan ENT,0253 246 8647,,4.7,45.0
"Muktidham, Nashik Road",aesthetic clinic,ArogyaNest Clinic,081809 75670,,5.0,6.0
"Muktidham, Nashik Road",aesthetic clinic,Assured Care Plus Hospital,0253 246 8786,,4.8,237.0
"Muktidham, Nashik Road",aesthetic clinic,AURA skin clinic and laser center,,,2.8,4.0
