Location,Category,Business Name,Phone Number,Website URL,Rating,Review Count
"Bytco College, Nashik Road",aesthetic clinic,Dr Rathod's Ortho Clinic In Nashik,072761 16146,,4.9,249.0
"Muktidham, Nashik Road",aesthetic clinic,Assured Care Plus Hospital,0253 246 8786,,4.8,237.0
"Bytco Point, Nashik Road",aesthetic clinic,Dr. Wable Maternity Hospital,0253 246 7125,,5.0,155.0
"Bytco Point, Nashik Road",aesthetic clinic,SkinoVedics Skin and Hair Clinic,076666 82764,,4.9,99.0
"Bytco Point, Nashik Road",aesthetic clinic,Being Young Clinic - Skin | Aesthetics | Hair | Laser,091300 99330,,4.7,81.0
"Bytco Point, Nashik Road",aesthetic clinic,Dr.Ashutosh Shirsath,0253 246 0517,,5.0,79.0
"Bytco Point, Nashik Road",aesthetic clinic,Dr.Vartak (Dermatologists),0253 246 6268,,3.2,67.0
"Muktidham, Nashik Road",aesthetic clinic,Tulip Dental Care & Kidney Care : Dr. Vipul Gattani | Dr. Shruti Gattani,099782 57085,,4.8,57.0
"Bytco College, Nashik Road",aesthetic clinic,Dr Rakhees cosmetic Homoeopathic clinic & Dahale Homoeopathic Clinic,,,5.0,50.0
"Muktidham, Nashik Road",aesthetic clinic,Yashali Hospital Nashik Dr Shirish Ghan ENT,0253 246 8647,,4.7,45.0
"Muktidham, Nashik Road",cafe,Hotel Sadhguru,075584 63118,,4.1,2512.0
"Bytco College, Nashik Road",cafe,Udupi Tadka's Hariyali Veg Restaurant & Party Hall,089560 36930,,4.2,2152.0
"Muktidham, Nashik Road",cafe,New Rasoi Restaurant Nashik,098810 79090,,4.1,1609.0
"Bytco Point, Nashik Road",cafe,Stamping Ground,095031 41111,,4.1,1097.0
"Bytco Point, Nashik Road",cafe,"Pokket cafe, Ashoka marg, Nashik",096736 97656,,4.4,923.0
"Muktidham, Nashik Road",cafe,Shalimar Restaurant,097662 37520,,3.9,819.0
"Bytco Point, Nashik Road",cafe,Pokket cafe College Road,085303 68669,,4.6,630.0
"Muktidham, Nashik Road",cafe,Panchali Pure Veg Family Resturant,098507 50837,,3.6,623.0
"Bytco College, Nashik Road",cafe,Madras Cafe,084840 98589,,3.7,608.0
"Bytco Point, Nashik Road",cafe,Chai Tapri,097661 88377,,4.1,605.0
"Bytco Point, Nashik Road",coworking space,Deck Spaces Co-Working.,092721 86816,,4.8,79.0
"Bytco Point, Nashik Road",coworking space,Impact Spaces - Coworking Space in Nashik,099213 67880,,4.9,74.0
"Bytco Point, Nashik Road",coworking space,"UNIVATE - Coworking Space, Events & Conference Room",077748 88163,,4.9,25.0
"Bytco Point, Nashik Road",coworking space,Infinity Desks,070202 75785,,4.7,14.0
"Bytco College, Nashik Road",crossfit,ICON FITNESS HUB UNISEX GYM,087884 91628,,4.9,258.0
"Bytco Point, Nashik Road",crossfit,Power house Gym,098604 23837,,4.8,186.0
"Bytco Point, Nashik Road",crossfit,HiTensity crossfit and fitness hub,072630 68659,,4.9,175.0
"Bytco Point, Nashik Road",crossfit,Reflexion Gym and Fitness Center,077700 77664,,4.6,172.0
"Bytco Point, Nashik Road",crossfit,THE O.B FITNESS HUB,073855 79952,,4.9,169.0
"Bytco College, Nashik Road",crossfit,M45 The Fitness Studio - Best gym in Nashik road,091375 05478,,5.0,159.0
"Bytco College, Nashik Road",crossfit,Fitness Legacy unisex gym,077579 99992,,4.7,139.0
"Bytco Point, Nashik Road",crossfit,Core Fitness Unisex Gym | Best Gym In Nashik,0253 299 0909,,4.8,136.0
"Bytco Point, Nashik Road",crossfit,Grow up Gym,075064 07916,,4.3,133.0
"Bytco Point, Nashik Road",crossfit,Multifit club,099705 88185,,5.0,96.0
"Bytco Point, Nashik Road",lounge,Hotel Avanti,0253 245 9616,,3.7,993.0
"Muktidham, Nashik Road",lounge,Kadam Mangal Karyalaya and Lawns,096731 16200,,4.0,702.0
"Muktidham, Nashik Road",lounge,Rana's Snacks (Thalipith) Centre,,,4.3,605.0
"Muktidham, Nashik Road",lounge,Hotel Theem Plaaza Nashik,091300 34093,,3.9,572.0
"Muktidham, Nashik Road",lounge,Eagle Sports Ground,,,4.3,524.0
"Bytco Point, Nashik Road",lounge,The Caves Family Restaurant & Bar,,,3.9,499.0
"Muktidham, Nashik Road",lounge,Hotel Orange Tree,,,3.3,390.0
"Muktidham, Nashik Road",lounge,Hotel sai lodge,,,3.3,347.0
"Bytco Point, Nashik Road",lounge,Leafy Veg & Non-Veg Bar Restaurant,099759 24437,,3.9,269.0
"Bytco Point, Nashik Road",lounge,"Professional Massage & Spa , for Ladies & Gents, Backpain ,Neck & Muscle pain, Muscle Stiffness",095116 19622,,5.0,268.0
"Bytco College, Nashik Road",nail salon,Sunrise wellness spa,070302 03099,,4.8,533.0
"Bytco Point, Nashik Road",nail salon,Show Stopper Unisex Salon,086980 34013,,4.4,354.0
"Bytco Point, Nashik Road",nail salon,Honey Beauty Studio & Academy,077568 05341,,4.9,241.0
"Bytco Point, Nashik Road",nail salon,Rupali lifestyle dipptizmakeovers,095619 80176,,4.8,147.0
"Bytco Point, Nashik Road",nail salon,Lotus Beauty Care Only for Women,098220 62940,,4.9,117.0
"Bytco College, Nashik Road",nail salon,Dimple's Beauty Care and Makeup Academy,086685 30505,,5.0,87.0
"Bytco College, Nashik Road",nail salon,VS Salon & Makeover,083294 05461,,5.0,63.0
"Bytco Point, Nashik Road",nail salon,Anaya Makeup Studio & Saloon,096995 60251,,5.0,47.0
"Bytco College, Nashik Road",nail salon,Dignity Salon,,,4.9,37.0
"Bytco Point, Nashik Road",nail salon,Style Beauty Salon,095952 82711,,3.5,24.0
"Bytco Point, Nashik Road",pilates studio,Euphoria Fitness Club,088302 07040,,4.2,297.0
"Bytco Point, Nashik Road",pilates studio,Fit N Fine Gym,0253 406 4254,,4.7,232.0
"Bytco Point, Nashik Road",pilates studio,My Fitness First Gym,096040 97003,,4.6,178.0
"Bytco Point, Nashik Road",pilates studio,Visho Fitness Mantra,098228 76452,,4.9,165.0
"Bytco Point, Nashik Road",pilates studio,Pro Health Fitness,,,5.0,129.0
"Bytco Point, Nashik Road",pilates studio,Workout zone,085308 11185,,4.7,74.0
"Bytco Point, Nashik Road",pilates studio,Pehelwaan Fitness (Gents & Separate Ladies Floor),080079 63408,,4.4,54.0
"Bytco Point, Nashik Road",pilates studio,AIM FITNESS STUDIO (Zumba),099601 49559,,4.9,52.0
"Bytco Point, Nashik Road",pilates studio,Shraddha Dance & Fitness Studio,097645 86772,,4.9,37.0
"Bytco Point, Nashik Road",pilates studio,PALDE'S FITNESS,092721 76662,,4.8,21.0
"Bytco Point, Nashik Road",restro bar,River Dine Restaurant & Banquet,099232 73444,,4.1,3095.0
"Bytco Point, Nashik Road",restro bar,GPS 99 RESTAURANT,086691 10119,,4.0,938.0
"Bytco Point, Nashik Road",restro bar,Hotel Mazda & Cafe - Best Cafe in Nashik| Family Restaurant in Nashik| Multicusion Restaurant in Nashik,085303 92333,,4.3,541.0
"Bytco Point, Nashik Road",restro bar,Sai Leela Family Restaurant & Snacks,098226 41888,,3.9,504.0
"Bytco Point, Nashik Road",restro bar,VAISHALI VEG & NON VEG FAMILY RESTAURANT,099755 84828,,4.1,502.0
"Bytco Point, Nashik Road",restro bar,HOTEL EXPRESS RESTO & BAR,095799 85559,,4.0,404.0
"Bytco Point, Nashik Road",restro bar,Hotel Rasoi,0253 235 1090,,3.9,366.0
"Bytco Point, Nashik Road",restro bar,Hotel Mamas Bar And FAMILY Restaurant,,,3.8,339.0
"Bytco Point, Nashik Road",restro bar,Hemraj Rest and Bar,,,4.0,185.0
"Bytco Point, Nashik Road",restro bar,Hotel Bhairavi Bar & Restro,,,3.7,180.0
"Muktidham, Nashik Road",specialty coffee shop,Muktidham Mandir,098508 44448,,4.5,16051.0
"Bytco Point, Nashik Road",specialty coffee shop,SAYANTARA,094231 75919,,4.3,5621.0
"Bytco Point, Nashik Road",specialty coffee shop,Luscious Layers,077220 82092,,4.2,2294.0
"Bytco College, Nashik Road",specialty coffee shop,"Chai Ketali, College Road, Nashik",098909 78676,,4.0,1390.0
"Bytco Point, Nashik Road",specialty coffee shop,Cafe Bliss,084849 52735,,4.1,1197.0
"Bytco Point, Nashik Road",specialty coffee shop,Coffee Junction 24hrs,,,3.9,950.0
"Bytco Point, Nashik Road",specialty coffee shop,COFFEE CLUB NX,094212 90675,,4.3,917.0
"Bytco College, Nashik Road",specialty coffee shop,Cafe Panchayat,088880 08368,,4.4,678.0
"Muktidham, Nashik Road",specialty coffee shop,Om Kutchhi Dabeli,079727 97618,,4.3,671.0
"Bytco Point, Nashik Road",specialty coffee shop,OM TEA HOUSE,086058 03344,,4.2,651.0
"Bytco Point, Nashik Road",unisex salon,Sam Unisex Salon | Nashik,086689 93861,,4.8,356.0
"Bytco Point, Nashik Road",unisex salon,Scissor Palace,097667 33618,,4.4,309.0
"Bytco Point, Nashik Road",unisex salon,M K FAMILY SALON (iT's YoUr TiMe To ShiNe) NASHIK HAIR STYLIST,079728 53676,,4.8,270.0
"Bytco Point, Nashik Road",unisex salon,Elegance Salon,081041 00135,,4.8,261.0
"Bytco Point, Nashik Road",unisex salon,AKSHAAY - Unisex Salon & Academy,093719 99355,,4.8,211.0
"Bytco Point, Nashik Road",unisex salon,Shortcuts Unisex Salon,095798 50368,,5.0,204.0
"Bytco Point, Nashik Road",unisex salon,THE HAIRPORT,099223 38669,,4.5,179.0
"Bytco Point, Nashik Road",unisex salon,Good Looking Hair Point,070205 16983,,4.8,161.0
"Bytco Point, Nashik Road",unisex salon,The Shape Up Salon,,,4.9,150.0
"Bytco Point, Nashik Road",unisex salon,Petals Beauty & Hair Studio,083297 09779,,4.9,137.0
